label,text
1,qualiti content robot
1,"hey man , want know respect ! free roadmap best ! 'm current prepar code interview quit big tech russian compani . `` obviou '' thought 've mention solv order matter actual obviou . thank thought ! ( fact , less month left upcom interview 'm sure 'm gon na pass , know grinning_face_with_big_ey ) 're read comment wish luck easi interview problem ) ) ) ) )"
1,"lol `` academ '' solut correct fulli understood least , sinc problem gener solv paper first turn code . like `` add hack , add hack , circumv bug scenario ''"
1,whole scienc pass interview . job . pass interview . n't tell ? 'm fed bs kept aliv tech compani . ( 'm senior softwar engin big tech compani )
2,man god 's work site . thank !
1,ate minut video ad .
2,teach make youtub video like ? thank
1,solv leetcod problem span year . 've never even got chanc interview anyth . suck third-world .
1,"never leetcod problem , fortun 've still gotten internship part time posit regardless . leetcod probabl help critic think make solv algorithm problem easier , code far beyond ."
1,languag though python java ?
2,"inspir , thank : )"
1,"`` leetcod wo n't help everyth , < insert paid sponsor > . '' come man ... tri take serious ."
1,promis soon get unemploy spend time solv leetcod problem . sadli luckili countri demand programm high never unemploy .
1,algorithm python
1,"thank man video help , especi middl explain approach , rare watch full video one go becoz watch explan tri solv go code . keep code ."
1,click bait
1,mayb weird ... realli n't care make meta googl ...
1,"best video 've seen regard code prepar . also start `` random leetcod '' ( well , freq ask question googl interview accord leetcod ) . year half learnt blind grind . year found video roadmap graph order learn topic . wish seen earlier 'm sure pattern would 've stack faster head ! thank video leetcod solut , contribut commun invalu !"
1,show bf df df bf . winking_fac `` spolier '' ? squinting_face_with_tongu good video . slightly_smiling_fac
1,readi get start leetcod ? start know noth ?
1,"think -min limit per problem import , 's happen freecodecamp js cours 's someth hard appli realli want solv problem look solut . problem advanc , becom vagu explain , less less detail complex , difficult sometim come solut , time read solut realiz 'd probabl would never come anyth remot close yeah , put time limit , look solut tri understand hope good advic ."
1,thumbnail make look mri scan leetcod problem
1,u pleas make video u got intenship ? nd know data structur algorithm bt done much develop stuff ? imp sir pleas consid
1,count edit :
1,`` node '' singular noun phrase . node contain number . singular essenc `` each . '' emphasis everi one thing point . get ?
2,thank much
1,quiz methodolog revisit problem geniu idea
1,bro awesom .
1,googl usa ? ? role ?
1,elat see got sponsor ! rememb back earli start watch explan blown away easi made seem . thank everyth 've done commun : )
1,went univers take comput scienc think real gon na hard remov algorithm suppos base us everi assign like kinda crazi need code connect even connectk realli broke lol realli wish learn took degre
1,im self taught . year program im struggl leetcod crying_fac n't got ! what best thing ? give ? shall copi solut past chatgpt ask ai explain code ? pleas help geek guy crying_fac
1,preciou content ! thank whole world
1,"love verbos af java ! definit slower solv problem enjoy languag , data structur algorithm class actual use java lol"
2,websit video best .
1,piss highest salari job societi matter pay youtub bag trick
2,best ! heart_suit
1,neetcod excit fast review featur ! thank ad featur !
1,"hi , site good newbi python ?"
1,"lost graphic show python vs java -- differ almost exactli close bracket , complet stupid comparison ( )"
1,get imag wallpap ?
2,super help ! !
1,thank muchred_heart india . prepar job cross question yesterday wonder long stick save problem answer . want know even cross problem still need see solut problem whose underli concept know right track ?
1,quick question -- much worri program time ? alway fuss easi problem want submit effici solut .
1,"big problem focus much `` faang '' term wack idea behind stupid . look job seem interest . n't done singl code interview ever sinc start look job seem fun actual want , 'd pay lot ."
1,turn gay . alright got . /s
2,"dude , quiz idea review brilliant . probabl best featur site . well done thank work ."
1,video solv
1,hi neetcod ! kind app draw someth explain problem ?
1,python code revers string liter one line code face_with_tears_of_joy print ( list ( `` hello world '' ) [ : :- ] )
1,"amaz video , realli need !"
1,look someth like leetcod mc quiz long time review . simpli amaz : ) thank .
1,bit shift crazi
1,"sold use python . java foundat languag learn school , syntax gave problem code problem . like new python either ."
1,"ok , solv question get hire faang fire lay off follow week"
1,video convinc start leetcod problem point . thank
1,"year commerci , never solv synthet problem day day work , certainli minut . simpli real work ."
1,hi . pleas explain problem # . longest substr least k repeat charact ?
1,"forgot mention % problem face , like write solut actual solv problem % case fail time/spac complex let 's honest n't import much nowaday ( certain degre ) ."
1,"god word . video joke loser . far one . put much effort rise compet put effort help other rais . thank . discov channel chanc , chanc . current middl semest exam . start journey holiday ."
1,"heyi . said switch c++ python . worth ? also code cpp think switch . solv total - problem , deep leetcod yet . interview start month . suggest ? thank ."
1,"absolut zero experi knowledg come code softwar develop , even get point abl understand attempt easi leetcod problem ?"
1,make video develop build applic ?
1,.. brain pictur ?
2,"success coder kind essenti success scientist person view . also , scholar . content actual went viral . nice done !"
0,pay russia ?
1,fast review featur awesom . pleas add question review . smiling_face_with_heart-ey
2,thank much . 's realli help
1,finish problem per strategi person_surf
1,think mostli big time waster unless ’ interest problem .
1,mistak avoid : - languag - solv random order - ’ wast time - review
1,"great video ! 've question , problem solv realli pattern recognit ? , propos , see lot differ problem , creat set pattern brain , see similar problem futur , 're abl connect dot . , mean n't `` wast time '' tri solv hard problem , instead read understand 're abl use futur . real benefit tri solv extrem tough problem ? long one attempt problem decid look solut understand instead ?"
1,learn code like learn foreign languag . need studi code first learn code .
2,thank bottom heart : )
1,lot strong ( grandmast level higher ) peopl codeforc say solv problem randomli
1,face_with_tears_of_joycrying_facethank god told . thought im oneface_with_tears_of_joyface_with_tears_of_joywho avoid graph lot
1,"awesom see channel grew , 've watch sinc k sub"
1,codeforc grinder : bro
1,thank much work ! made interview prepar process organ even hard problem easi come . btw newli ad quiz idea brilliant !
2,"find road map , big helper us newbi , thank alot share !"
1,problem solv skill logic simpli extraordinari easi understand . huge respect u bro make video
1,"want start learn code feel confid enough creativ learn one start make project fine , tri solv problem may come across creat realli want learn . see video show direct attent properli learn skill big help ."
1,"day ago ive start # day solv leet code problem ( least one day ) im follow plan actual , could handi follow roadmap , also realli clear im comput scienc student bit knowledg advanc topic , havent tri practic , littl bit confus start"
1,"glad bought lifetim subscript , whole materi alreadi top-notch , upcom featur review question quiz form go amaz . realli grate quiz review featur question , know lot work releas phase . thank much effort ."
1,appreci content man . absolut god tier stuff red_heartred_heart
1,"said leetcod problem help get internship bank , ? develop masteri problem , market trait potenti employ ?"
1,n't paid visit leetcod month colleg drain grinning_face_with_sweat
2,"thank , roadmap awesom . 've look kind aggreg problem ."
1,"bro 're legend ! ! ! , thank much ."
1,"conclud leetcod help reason unit test without argument , figur leetcod help peopl unit test ? asid question believ thing like leetcod good addit practis , realli overemphasis big , mostli american , compani mere fact 's much easier test applic abstract concept ."
1,video pattern look like fireship 's . anyway nice video
1,"leetcod use tool enter tech cult like buy kergen water system . n't point . better way test problem solv skill , want join freaki cult , leetcod ."
2,"one best inform perspect video youtub . ( well , programm )"
1,"hi ! 've question , could leetcod exercis instanc vs code later move solut leetcod must solv leetcod page sinc 's similar real job interview ? 'd would quit grate someon could answer"
1,mani year take solv que ? : (
2,thank !
1,"suggest problem video dsa cours , cover neetcod ?"
1,explain thing well forget much work put get today . kind video remind . thank .
1,"necessari data scienc fresher learn solv problem leetcod ? . , fresher data scienc field mechan engin background , found difficult solv problem leetcod ."
1,"look thumbnail , thought leet code made gay"
1,leetcod train make valuabl employe chatgpt ?
1,mention/disclos ’ sponsorship/ad video .
1,"leav one littl stori , relat video . someon feel like smart enough succeed , stori . one worst student back middl school . rememb one abl understand stuff math class basic everyon understood . teacher even pull asid talk . fail lot test , multipl subject ... even though studi decent amount time ... eventu , realiz need increas intellig . differ get good grade . increas comprehens , creativ brainpow . thought math problem , school , path . start . start easi , get easiest math olympiad problem could find . realli easi , even took lot time read solut understand . eventu , start actual becom understand ... start ramp difficulti ... spent hour hour everyday solv problem , eventu reach imo level ( intern mathemat olympiad - though make actual team , select one potenti particip , basic everyon team select test least bronz level ) . also becam one top student countri , also nation math informat olymp medalist . studi free top school , get highest mark scholarship competit . took year daili studi , patienc huge monster skill . brain take time build . would n't think rush broken arm , right ? afterward got scout top invest bank ... best trade desk . got top score logic test mile . get topic . want teach stori mine even smart , becom top tier intellectu sheer effort , unless mayb special condit . gener , , solv lot math problem , ramp difficulti reach intern level , becom suprem geniu . everi one math champion met work hard reach level . enter top school , top job , etc . realli matter put hour ... mayb hour math solv everyday , day vacat school , hour ... lot work , guess great reward come hard , gruel work . mind , middle/high school . practic tip : get easi problem first , tri learn one per day get habit . note use `` learn '' instead `` solv '' . focu rais understand , immedi top solver . tri obviou idea first , work , start timer minut . think minut , search new idea . read part solut , tri finish rest . keep get entir solut . also , tri understand could reach solut . guy solv think esoter idea ? need ponder kind thing , increas intuit . sketch lot . need pen paper . read top math champion came read tip . hope help someon , also come arrog . hard talk experi without caus impress `` show '' someth like . also believ may help someon . sure would like read word back day . would sped progress . feel futur , pleas believ great life . know seem hopeless sometim , comprehens get limit attack extrem stress sad . work hard , patienc , take year , put effort right thing , probabl achiev `` success '' . though definit success probabl differ . edit typo ."
1,thumb dude
1,thank u much video sign ur websit thx slightly_smiling_fac
1,oh yeah ? chatgpt solv problem faster beaming_face_with_smiling_ey
1,'s life save channel websit . take prepar got channel . thank much neetcod .
1,man say dick straw ? loudly_crying_fac http : //www.youtube.com/watch ? v=yggwmfsapq
2,"amaz , thank"
1,send attavk back
2,great effort creat review section question . massiv respect .
1,never understand compani focu littl test . littl softwar engin
1,"one thing 'd add languag choic pick languag without built-in data structur standard librari make imposs solv certain question optim without liter need implement data structur . reason , move typescript python kind question ... !"
1,understand solv question take time actual write code ....
1,great effort creat review section question . massiv respect .. guy absolut legend share “ real ” tip .
1,"real question though , without cs degre even get first interview first job"
1,leetcod done less opportun new solut found crying_fac everyon stick “ correct answer ”
1,report tri program scratch make princ william girfriend @ nirmala sitharaman
1,video made standard st year cs student world
1,"peopl think programm gift intellig , n't see much suffer go solv smallest thing ."
2,"lmao , god help figur"
1,"unabl solv question look solut , use think big mistak , n't choic time ......... video chang misconcept realli glad n't wast time use time effici ..... tbh think happiest person earth know ! !"
1,awesom ! thank lot man
1,"leetcod smart . desper obedi . unnecessarili go leetcod exercis fear enough , like make reconsid leav job land , help employ reduc employe turnov rate . problem first place poorli treat peopl , make quit . year averag ."
1,program u use draw ?
1,amaz channel !
1,", current learn java lol"
1,bug websit plz check
1,"wast time . end 're good rigmarol , ca n't write effici qualiti softwar . base interview prioriti , seem mani tech giant full peopl , explain softwar utter garbag ."
1,"cool , rare use web dev ."
1,type cring channel name
1,"sure big tech compani valu much , imo abil understand domain solv real life problem outsid box import . guess ’ easi way filter peopl alot applic , ’ smartest way sinc peopl abl train becom good thing easili solvabl ai nowaday"
1,java user agre 's hard must accept languag use verbos
2,great !
2,"love man , thank <"
1,"funni , knew , even alghorytm"
1,one time wan na look sponsor forget put descript
1,thank brosmiling_face_with_tear reason abl solv code question hope complet question
1,"realli interest video ! still want talk experi quantiti > qualiti . sheffield univers , univers pennsylvania , univers california . made studi exampl group student take pictur . group take pictur everi day . b group independ . photo evalu term qualiti , creativ composit panel independ judg . result show group took photo significantli improv photographi skill compar control group . often tend see certain thing useless reach certain level , even though allow us reach current evolut . necessarili true everyon , thought interest share read comment !"
1,switch python seem ’ gotten slower . hope ’ get faster languag convent becom second natur
1,@ neetcod pleas show face one day
1,thank neetcod ! ’ use map layout start go flow understood weak .
2,love quiz idea .
1,"’ account financ major howev program code gener fascin ton . idea abl creat stuff , challeng need adapt excit . know ’ difficult learn see passion individu prodigi get far , ’ interest ."
1,"bro shill taro end , ca n't believ ."
1,enough solv problem creat roadmap dsa ? mean question enough particular topic repli
2,"good job man , aspir like . keep soar dream , sky limit ."
1,`` oh 's trick '' - bane exist .
1,`` python shortest languag '' look he comparison differ lack bracket
1,"'m put everi problem solv anki , help review process ."
1,'s name program ?
1,third
1,“ ’ wast much time solv problem ” ’ mind spend day research studi one topic attempt solv . mean solv without know process ? someth wrong lol
1,someth need hear . spent way much time bash head problem get nowher . thank .
1,get interview googl maang compani ? ?
1,"godsend ! anybodi deserv damn googl offer , sir , ! <"
1,one actual find problem realli fun figur ?
1,"alway pleassur drop video , great content advic !"
2,"nice video , graph horribl xd"
2,thank websit
1,solv leetcod problem hone skill never get job project .
1,video gave much hope ... know 's late learn code .
1,still ca n't understand burst balloon .
2,greatest video honest advic ever got .... thank much ... realli relat help video smiling_face_with_halo
1,got leetcod program back start doubt program skill feel much better watch video
2,thankyou ! ! help lot
1,im one shock list basic includ tree hashmap ? may beginn feel insult face
1,"faang employe solv daili task requir thoroughli creat solut stress timer ( - minut ) ? also , supervisor assign ? depriv debug tool ? - interview process n't make sens , stop fool justifi bigtech compani , work critic think dont wast preciou lifetim : )"
1,"bro , start leetcod journey cours . hope one day good enough get decent job . thank , realli inspir ."
2,"ill save vid futur , thank ."
1,u code ( web ) ? need learn code idk start
1,look like mental hospit lletcod problem )
1,"essenc ... give answer ! god sake ... pioneer left one discov actual undiscov territori , catch want ."
1,whish site use practic solv problem video explain
1,rememb spend mani horu leetcod find interview compani want ( tripl game studio like ubisoft ) liter noth regular tech compani . 'm consid go back mayb shift game dev go back regular program
1,"mayb titl video - amaz tip leetcod interview problem ? ? video titl seem kinda self indulg content video great , convers explain super help"
1,first
1,brain gay
1,use leetcod without prior programmig experi ?
1,"watch video , decid quit job spend year solv leetcod problem , learn ai ! ! !"
0,"'m problem , medium seem vari lot difficulti , easi problem trivial , hard problem imposs though"
1,roadmap
1,couldnt even first problem
1,'m thing right ! 're huge inspir ton peopl ! 'm almost first done !
1,code alway short also slowest
1,"chat-gpt , live coder stake . data scientist ai/ml scientist ' job secur . current sde layoff explain"
1,ser ever find yoursel tell easi question hard dumb ? ?
1,video dope bro . long take solv problem .
1,"websit like similar solv deriv , integr differenti equat ?"
1,someon adivic start zero ?
2,help lot red_heart
1,"cool video , especi someon 's learn get tech field . topic question tho , find fit meme clip tho ? find fit , funni , creativ way make video engag without distract viewer ."
2,"love python . though tri love c java , ’ python . end use other ."
0,"funni bottom iin roadmap xd boil , math hard . fuck hate dp tho"
1,bro websit lit fire thank much thumbs_up
2,brain ? like walnut .
1,hi . want let know problem number leetcod name gener parenthes stack problem . realli ineffici way forc use stack . want let know stack question roadmap
1,brain becom lgbt ? holi fuck .
0,mother dick ass
1,oh shiiii 'm middl java n't want start python although 'm plan learn python new mojo lang easi fast learn consequenti make brain spaghetti .
1,"dude said c++ first languag learn , becam littl afraid lol .."
1,'d love combin idea multipl choic space repetit use someth like anki
2,"god bless gener hardwork like , dude ."
1,"true , leetcod wo n't teach everyth . 's neetcod"
1,thank lot ... similar thought inkl go wrong direct tri solv everyth . one medium level problem lucki go take whole day . think import understand solut behind rather solv everi problem
1,man legend .
1,leetocd even still relev chatgpt churn answer immedi ?
1,"graph theori call , edg node , network path cycl decod . travers vertic , 'd find way , journey graph , come may . data structur beckon stack queue , organ knowledg way amus . tree heap , 'd learn arrang , balanc data , requir chang . algorithm 'd craft , care precis , optim solut logic vision . sort search , 'd conquer , mathemat prowess stand tall . - gpt"
1,go straight dp problem make wan na backtrack make expert backtrack 're good go
1,someon without math cs degre learn algorithm ?
1,! ? ? could also solv ! ? squinting_face_with_tongu
1,video use engin struggl lc . thank lot !
1,great video content super help inform . pleas consid use anoth word describ except challeng leetcod problem .
1,make video python cover topic requir dsa
0,ok suck .
2,"friend done much , shame"
2,thank much roadmap ! ! 's help focu goal
1,learn dsa ? pleas send link resourc
1,would recommend leetcod codewar ?
1,"great video . 've studi past month . identifi thing say put word other mind . experi said highlight : - order matter . - daili better ton day . - repetit , feel free easi mid hard one even solv last month . - look understand 's answer ."
1,"unbeliev . never short video chang outlook someth dramat . earn immedi like sub , keep ! ! !"
1,"thank lot navdeep websit . still ca n't believ practic section free cost , fast review liter ed-tech websit charg money , 've face almost similar quizz interview thank 'm motiv finish dsa/leetcod otherwis might 've given . thank gener commun may god bless gift life . deserv everyth 've got still get man ."
2,thank !
1,"`` 's shame look solut , long understand exactli work . '' - neetcod ts :"
1,make roadmap data scienc solv problem ? grinning_face_with_sweat
0,"hey bro , leetcod someth bore , tri hard problem cf ."
1,u r gay congratul party_popp
1,"languag use code interview python , java c++ ?"
1,"realli help liter tri fulli understand structur , stack , queue complex pointer structur c within day crying_fac"
1,lc wast time . imagin use time learn make real project . industri need move .
1,"knowledg need appli softwar engin job googl , facebook , amazon , appl , etc"
1,awesom job dude ! 'm next winking_fac
2,love content
1,"think leetcod good use time gener re-program think hone mental edg . 've serious prepar short time feel approach thing analyt . alway invalu skill develop differ test pass fail mr mis-handl edg case leetcod part mind help take figur 's wrong . love site video , realli well explain global economi million peopl code explain well , even fewer fluent english relat abstract understand approach ."
1,n't know run time distribut present ( millisecond ) asymptot notat ?
1,make quick quiz featur geniu ! ! !
1,"someon went rather difficult elitist undergradu system ( us ) prepar prestigi school math domin curriculum , sure philosophi `` give minut '' . know advanc give minut like trick wast time get solut fulli give everyth . moment look solut depriv opportun challeng learn . question requir build insight peopl make sens learn solut pattern problem 's enough proper problem solv skill requir method , tenacity/obsess , flexibl , creativ . would advoc alway tell chanc tri , explor idea . feel like give , leav alon come back tomorrow shower might realli cool idea . look solut ask need think come solut ? core essenti idea solut would allow use new scenario . would abl solv next year effort use key principl ? solut pattern learn anyth look similar futur . mayb n't actual need particularli smart job appli given time involv might well self favor develop problem solv skill would guess last longer averag pattern recognit skill look bunch solut"
1,c++ > > c > > javascript > > java > > python caz everyth python pointer address memori
1,"wow , video quit insight ! 's great hear journey solv leetcod problem eventu land job googl . relat struggl start easi question gradual progress complex one . advic choos right program languag , like python concis , someth 'll keep mind . also , import understand order solv problem base differ algorithm data structur valuabl lesson . appreci creator 's effort provid roadmap help other avoid similar mistak . tip spend excess time singl problem open look solut refresh . 's reassur know solv one two problem consist day benefici cram . creator 's approach explain thought process behind problem commend time-sav . 'm intrigu idea turn leetcod problem multiple-choic quizz effici review . overal , video emphas valu leetcod develop problem-solv skill highlight import continu learn tech industri ."
1,’ even know code
1,java languag choic fail even start ? 've heard code round googl expect solv least two lc level medium problem within min syntact correct ... without ide . languag like python inher advantag .
1,"start learn code year ago , due depress sorta quit/paus .. ai , difficult get motiv hop back leetcod . word wisdom motiv lead right direct ? still worth effort get industri ? feel quit overwhelm"
1,"never leet code , tell look hire , n't help actual work quality/effici much ."
1,import take : `` never feel readi '' . need thank
1,sum - sum - dp right platform eye
1,thank road map 'm learn hash right
1,"actual im nd semest , bst 's , graph , dynam program etc . mayb univers bad ."
1,thank god work public healthcar dont deal
1,"leetcod doesnt teach sht , serious want tp good code soon possibl learn write readabl code master oop ."
1,"write df , bf easili loop ? ! well , got long way go ."
1,bro made depress weekend smiling_face_with_tearthumbs_up
1,soo whole video ad taro
1,bro hashmap basicsskul
2,love guy . love neet ! anyway imma go solv problem fun learn red_heartred_heartred_heart
1,whole video advertis taro . wast time
1,"sir , share neetcod leetcod list ? alreadi solv problem want check progress . thank ! p. . great also includ . problem roadmap tabl quickli check alreadi done !"
1,guy absolut legend share “ real ” tip thumbs_up_light_skin_ton
1,"hi neetcod ! ( neetcod premium user ) make video softwar engin best practices/ technic concept applic industri ? like git command , databas , oper system , api , etc ? concept softwar engin ( entri level least ) know . releas , 'd greatli appreci ! : )"
0,know weird number ! ! ! taro ! ! !
1,"thank , need guid video much !"
2,im glad get use swift interview
0,pronunci hurt
2,nice add introduct !
1,brain support lgbt solv leetcod
1,"bro , expect front end cours neet code cours program"
1,languag focu ? c++ python ?
1,th funni see work ass python start work java .. start java . java made doubt career : p .
1,"alway feel like leetcod question spot defent skill requir maintain . learn solv lot em recogn sort structur algo help nail problem quickli interview like min less requir keep pratic regulari . feel like giant time thief creativ could spent meaning thing end day , mostli abl memor lot thing ."
2,one best channel alway look forward whenev get stuck leetcod daili challeng problem famou leetcod interview problem . love content ! ! hope someday land dream job well ! ! love indiared_heartred_heart
1,"thank kindli much roadmap . sacrific vain , go histori next name like jesu , muhammad , buddha , god ."
1,brain mush inde
1,solv like - even medium hour still never confid regard code skill ( microsoft arriv intership interview week im still confid )
1,"strangest peopl solv leetcod problem get googl , think like `` dream job '' sort . news flash - n't . got hire l , staff engin left moth compani - googl way past 's prime - 's compani peopl want get year ago . 's full tragic code , extrem slow pipelin strang kind `` talent '' - peopl somehow confus engin work realli . recommend - stop watch `` leet code '' video solv abstract problem - start solv real problem , real world - everi busi built around ."
1,"feel somewhat new code far manag know binari search , linear search sort algorithm . n't know tree hash mean either damn . build websit web app feel 's alot dive ."
1,"that problem , stabl , sometim solv hard problem quick , sometim stuck easi one hour ... crying_fac"
1,comput scienc job equival math cram exam .
1,somewhat motiv content honestli thumbs_up_light_skin_ton
1,get job 'll never ever need algorithm ...
1,"first , let express gratitud valuabl content provid . question may seem trivial , still signific . code journey start began teach without cs degre . start python , progress web develop , learn django . current , work freelanc develop . although consid learn ds/algo appli big tech compani , self-doubt uncertainti held back appli . recent , start practic leetcod problem , solv easi one , medium one take long time solv , hard one seem imposs . question : individu year old , without degre , join faang maang compani ? would greatli appreci insight matter ."
1,"want becom expert c++ refus use python solv leetcod problem , use c++"
1,"use java ok solv problem , initi use python problem solv"
1,"may good question , earth orbit circular around sun , , fall toward away sun goe around , much distanc earth graviti vector sun perfectli normal earth veloc vector ? ( either end orbit ok < periapsi apoapsi > ) let assum sun earth perfectli spheric ."
1,"realli like quiz new featur . could pleas also includ random question topic rather entir list question ? way , day get random question topic stack , link list , dp etc . thank new featur look forward topic wise random question review previou question day ."
1,"ah , geeksforgeek , man qualiti ."
1,grinning_face_with_sweat want tri
1,time rethink strategi . low oevel code like made obsolet ai forese futur .
1,"guy , 'm new grad work se small startup . 'm plan learn ml skill hop jump ml job end year . ml engin also need good skill leetcod problem ? think ai impact kind hire process ?"
1,hey link roadmap tree ?
2,wow wonder content
0,use whiteboard problem ?
1,want share .. know basic javascript n't know solv leetcod pleading_facepleading_facepleading_fac come solut ? pleading_facepleading_facepleading_fac
1,solv plu problem still nobodi care caus n't done btech bigger degre suck
1,"'s link taro , bruv ?"
1,free ressourc explain everi categori roadmap ?
1,homi said dickstruh face_with_tears_of_joyface_with_tears_of_joyface_with_tears_of_joy :
1,"fast review great featur , look forward !"
1,thank bro . realli need .
1,"exactli like part solv medium question ca n't figur trick first time , exactli like solv question time ."
2,great video !
2,"great work , u amaz ! keep"
1,hardest part go solut min . alway feel like 'm close ego wo n't let end take anoth hour
1,"use c++ leetcod . start leetcod learn c++ better begin first semest univers . far , 've solv leetcod problem timespan week . noth encount challeng enough . 'm plan give , ? 've program sinc , 've done sort thing . perhap 'll eventu face someth difficult leetcod may cv ."
1,'ve web develop almost decad . n't even know solv simpl sort problem .
1,"realli glad came across video , thank tip advis . platform insan usefulthumbs_up"
1,need univers degre land job interview one big compani talent work experi ?
1,"man god 's work . done grind sucess , revisit - question grind struggl . video state everyth honestli . bake concept pattern . realli need today . thank man !"
1,ignor eleph
1,"develop year never exercis , time job interview"
1,whitelist channel sponsorblock ! ca n't thank enough work .
1,crying_fac
2,ok new hero . watch video got motiv crack leetcod ! ! thank lot sir keep good work
1,"hope someon answer , leetcod accept answer long correct ? mean care time complex long answer correct ? question , set min time complex correct ?"
1,"taro link , thank bro , 're amaz"
1,"medium , motiv continu code , hey u motiv abit mayb go code"
1,"look roadmap , seem incred use , run someth similar ?"
0,cant save video
1,backtrack done tree ? skull
2,review list insan smart use . thank !
1,much need video
1,"happi neetcod got sponsor also rahul 's compani , use learn android develop"
1,"one thing total agre video never feel shame check answer . method may invent multipl peopl month year , think figur scratch one day afternoon ? would definit encount feel lack practic ."
1,unbeliev fuck stupid barrier entri job . industri like gate mechan utterli irrelev job content .
1,mathemat tell leetcod wast time ; … mathematc problem gener gener …
0,solv leetcod problem pleasur fun ? problem smiling_face_with_tear
1,"burst balloon mcm variant hard , trust , 're beginn give whole day understand mcm next day abl hard problem . .burst balloon .scrambl string .min cost merg stone .min cost cut stick ."
1,"hey , solv around problem . year leetcod still feel like abl solv problem mani time n't feel confid dsa . feel like didnt thing right way . ? plz help @ neetcod"
1,"appreci video . current im burnt program learn stuff , 's help know 's seemingli easi thing make money decid go back ."
0,solv problem bitch ai n't one ( ( (
2,"thank make , better idea approach"
1,red_heartred_heart
1,"imagin would abl build spend amount time enthusiasm real applic develop real research . mean ok success youtub , probabl worth ."
1,like sub caus ’ grate ur hard work !
1,"hi , thank video , realli enjoy . could give advic process actual get interview first place ? thank !"
1,`` dont wast time ''
1,use chatgpt ? face_with_tears_of_joy
1,thank alot contribut ! switch c++ stull use video understand concept ! realli help
1,> video liter name `` brain ... '' > mri pictur
1,dont wan na work globohomo ive never solv unworldli problem like
2,thank bro
1,video honestli much `` brain '' leetcod problem .
1,small big differ good develop nobegood develop .
1,"almost give , chang mind , ng hard year , b grade , intern , graduate-unemploy . thank work might go tri , need thank"
1,"thought someon 's similar ac rang found channel help start : first : wild think ac count higher point ; channel immens help start mid-last-year , 'll admit count high due feverish prep go final sig js . 's worth , come someon target faang due bad time interview ( late ) end land trade : person , think point consist % problem bit higher ; 'd say around - mark . concept feel hard get pat 've done sever time . addit , experi , concept seem like habit come frequent ( prefix sum ) other ( dfs/bf ) , chanc identifi practic lot lower . 're even necessarili hard , 're use , pain rear . term prepared tech interview , think depend greatli compani . go back , 'd feel % prepar , % due certain compani snide ask inform theori question ( wo n't say know know ) . howev , interview like ibm , jpmc , boa , etc . ( like faang 's known ask dp ) , honestli say 'd feel confid tomorrow dedic prep time . interview difficulti n't consist , interview enough compani , 'll find pretti easili . 's gap pretti straightforward sort problem versu ask use bit manipul oa ; 's 're less prepar overal , rather 're less prepar specif type interview . far whether solv lc worth past - mark , think depend target . 're look faang , - accept . non-faang f 's probabl get away like . 're tri trade firm , need get - minut lc medium point , 'd say around mark ; 's much need algorithm knowledg , sinc n't chang much , need abl look problem - second know `` oh uf problem '' , `` two heap '' , `` graph travers xyz optim '' ."
1,"'s inspir .... ever look solut ? ( sometim , solut final pass , howev within lower % perform )"
1,oh thought go fmri .
2,thank )
2,amaz . video got meta ( laid lmao ) . god bless u .
1,`` n't wast time ''
1,actual read link titsface_with_tears_of_joy
1,long take
1,"everyon read , n't know probabl never wish best life luck world two_heart ."
1,"gpt solv leetcod problem , wonder futur hold .."
2,'re best man !
1,bro solv mani problem becam googl
1,"got hype ! roadmap instantli remind skill tree rpg game want max . start code , month ago csx , use game analog learn code chang everyth ! instant dopamin triggerface_exh never tri leetcod remind xp farmingface_with_tears_of_joy"
1,"die meme video , extrem relat"
1,"use fumbl around variou user post solut lc , tri find one could easili understand . found neetcod ."
1,neet code side project chang peopl ’ livesssss
1,"thank amount advic , want know practice/solv tip , write note challeng ?"
1,"recommend anyon take cours comput scienc basic interest leetcod , harvard 's cs good choic especi unfamiliar linkedlist , hashmap , tree , binari search , etc ."
1,'s call leetcod basiccod
1,'ve tech decad never need solv leetcod problem . would chose . help friend prep faang leetcod though
1,mean solv get job googl ? seem good ?
1,"`` dont need learn whole languag '' hahahahaha loser mindset . guy , loser isnt cs major . loser mindset never get anywher . get cs degre loser get work . go get anywher shit lmao"
2,codeforc better
2,amaz ! motiv boost !
1,fact learn get job forget n't practic year two sinc wo n't use anyway mindblow .
1,often shorter code mean languag built featur
1,"hey umm need help : ( ( im st year tech student tri studi dsa solv leetcod problem understand concept . im impost syndrom cant solv easi problem well look solut : ( ( feel like im stupid im readi give yet anybodi went thing advic anyth u say , would realli grate hear . thank advanc : ) )"
1,leetcod actual allow add rgb backlight brain ?
2,valuabl advic . thank .
2,"much love bro , nice vid way = ) )"
1,"know , -d dp array actual abstract -d array sinc * + j uniqu - < < , - < j < n index array . hashmap ."
1,agre burst balloon crackhead problem ! !
1,kind disappoint ; expect liter brain scan pre- vs. post-leetcod .
1,lol yeah thank . would never want wast life away tri get faang compani . compani drain soul . compani use type question interview 's wrong industri . piti feel bad kid base life around tri get job faang .
2,non-iron love bro
1,"worth grind leetcod build subdomain specif knowledg ( like blockchain , ai , secur )"
1,text
1,quiz review idea awesom ! idea long think ’ quiz readi blind ? ( approxim )
1,find leetcod problem list ?
1,think 's worth go univers comput scienc versu free onlin learn ? tri decid . anybodi 's opinion welcom
1,"solv leetcod exercis + hackerrank ( uglier satisfiy leetcod 's ) . nightmar dp problem , consid dynam program toughest topic `` found trick '' . solv lot dp problem start see pattern common way solv kind problem . imagin solv leetcod exercis ! even amount solv problem , would n't feel prepar enough . pd : check book `` dynam program code interview '' consid dp nemesi well !"
1,good video tech influenc trend becom toxic . mani lc monkey n't get big pictur peopl anyth decent pay day school . would n't recommend famili life outsid work .
1,"come time practic leetcod , would recommend time limit : minut problem , minut ? right minut per problem , spend rest hour understand solut ."
